abhay,9
abhay,4
abhay,0
abhay,6
abhay,12
abhay,24
abhay,4
abhay,0
abhy,14
abahy,19
abhay,12
abhay,5
abhay,1
abhay,5
abhay,0
abhay,12
abhay,0
abhay,19
abhay,3
abhay,7
abhay,1
abhay,6
abhay,5
abhay,15
a,0
abhay,6
abhay,1
abhay,17
abhay,9
abhay,2
abhay,7
ab,1
ab,4
ab,7
a,7
a,6
abhay,3
abhay,2
abhay,18
abhay,4
abhay,4
abhay,7
abhay,7
abhay,1
abhay,4
abhay,13
abhay,5
abhay,20
abhay,8
abhay,3
abhay,1
abhay,6
abhay,10
abhay,5
abhay,9
abhay,4
abhay,3
abhay,20
abhay,13
abhay,69
abhay,4
abhay,11
abhay,0
abhay,0
abhay,5
abhay,1
abhay,3
abhay,3
abhay,2
abhay,8
abhay,12
abhay,6
abhay,10
abhay,0
abhay,1
abhay,11
abhay,15
abhay,16
abhay,3
abhay,7
abhay,9
abhay,31
abhay,10
pong,5
h,4
abhay,5
abhay,3
ertt,1
dg,10
ad,2
sdf,10
sdf,5
asfd,3
sfdgf,7
sdg,7
asfk,11
w,1
12,7
saf,1
sfd,3
fm,6
sdkfnm,14
s,6
asd,4
a,5
sadd,7
a,11
a,2
a,7
a,4
a,8
a,0
a,1
a,3
a,11
a,1
a,0
a,2
a,7
ad,6
abhay,4
abhay,13
